{"loss": [1.7016239166259766, 1.2224668264389038, 1.023175597190857, 0.9010511636734009, 0.8160955309867859, 0.751952588558197, 0.6968245506286621, 0.6470540761947632, 0.6050564050674438, 0.56569504737854], "accuracy": [0.43529999256134033, 0.5819200277328491, 0.6456800103187561, 0.688759982585907, 0.7149199843406677, 0.7385600209236145, 0.7561399936676025, 0.7738000154495239, 0.7878999710083008, 0.8000800013542175], "val_loss": [1.5137901306152344, 0.9989174008369446, 0.9160000085830688, 0.7592634558677673, 0.7963056564331055, 0.7294175028800964, 0.6924745440483093, 0.6378473043441772, 0.6199331283569336, 0.7358513474464417], "val_accuracy": [0.5163000226020813, 0.6485999822616577, 0.675599992275238, 0.7364000082015991, 0.727400004863739, 0.7476000189781189, 0.7652999758720398, 0.782800018787384, 0.7847999930381775, 0.7554000020027161]}